caller,callee
6,96494
8,165190
40,10051
64,165190
73,232508
134,22844
188,57918
203,244049
210,184589
213,8937
245,128634
346,68551
480,330034
543,136395
572,22843
596,181889
720,230980
778,167422
792,7601
931,134816
1065,62967
1088,10
1221,293810
1222,86436
1223,172407
1248,40
1299,1304
1300,64
1338,2104
1362,1304
1400,25767
1444,302507
1590,232508
1590,5
1656,166536
1710,142
1737,99820
1747,40
1748,40
1749,40
1750,40
1753,1752
1847,8413
1961,60143
1962,3623
1963,1965
1964,1963
1967,184517
1968,184517
1998,1444
2056,74922
2088,210000
2108,4086
2118,4086
2138,4086
2140,4086
2232,4086
2239,4086
2241,4086
2246,10
2251,73869
2321,8683
2321,98502
2420,284016
2618,10
2621,1400
2659,62967
2663,324172
2664,2663
2738,2802
2803,2802
2808,65090
2815,10051
2942,4086
3165,5
3177,248877
3410,238383
3434,10
3511,180122
3557,7947
3769,3501
3815,199398
3842,14675
3849,14675
3972,336853
3972,10
3973,253885
3973,203
4085,10
4085,7953
4087,40
4087,4086
4091,45
4091,4086
4093,4086
4139,173135
4156,4086
4158,4086
4165,4086
4232,40
4446,244586
4450,4449
4454,4453
4458,4457
4676,40
4676,99820
4685,45
4685,97256
4793,191106
4919,99267
4958,198082
4959,189662
4976,188434
5021,94789
5044,266755
5097,40
5145,3056
5145,40
5152,142
5171,105661
5361,336551
5361,5
5378,293407
5379,293408
5386,3501
5451,10051
5521,40
5614,114986
5679,29883
5680,36579
5713,270788
5722,40
5728,210000
5807,167422
5811,236840
5819,49696
5819,92038
5879,319528
5880,203
5995,23855
6005,40
6053,28495
6093,40
6235,278417
6254,40
6308,72205
6340,19446
6356,52994
6357,60823
6364,254378
6452,77447
6454,77447
6478,1629
6491,6367
6498,92263
6501,29000
6530,52126
6645,26937
6859,6333
6974,1789
6996,132327
7040,23550
7064,184517
7067,4956
7069,289001
7088,228071
7302,216195
7306,2487
7318,206735
7421,305716
7423,8683
7424,8683
7481,55099
7492,215004
7574,61705
7605,40
7605,7953
7612,16084
7652,40
7664,142
7729,70992
7798,5058
7800,27053
7843,80578
7844,80579
7875,34444
7879,70486
7895,66628
7917,175856
7918,151800
7920,7918
7954,61076
7981,136185
7983,81753
8013,8363
8328,40
8328,5
8329,40
8329,5
8330,40
8330,10
8331,40
8331,10
8333,40
8333,203
8346,74331
8356,8355
8438,203
8459,206735
8466,167821
8499,120478
8507,131733
8578,40
8627,8796
8644,88932
8651,106006
8668,8651
8669,25795
8670,24165
8671,29001
8718,8647
8719,29000
8723,25766
8734,8797
8737,142
8742,8796
8753,142
8755,63195
8765,8733
8771,8763
8836,305716
8837,40
8859,115567
8860,115567
8864,40
8867,128139
8937,89068
8966,8683
8975,7318
9191,5
9194,235799
9195,10
9230,90387
9531,127630
9759,155464
10055,293810
10056,66628
10124,10125
10184,10201
10186,10158
10186,64995
10187,10197
10209,40329
10215,10201
10218,176742
10218,165806
10225,272100
10234,40752
10553,5
10554,10
10554,10
10555,8683
10848,336551
10904,82679
10924,180167
11660,11747
11661,11749
11662,11746
11663,11751
11664,11662
11665,11747
11707,11693
11746,11751
11747,11751
11748,11751
11749,11751
11750,11751
11751,70614
11751,136008
11755,10
12264,339765
12265,339765
13632,151800
13634,151800
13635,151799
13636,151800
13637,151799
13928,8683
13939,293810
13979,23435
14018,142
14036,264386
14166,116717
14245,182777
14283,157725
14309,5712
14442,6530
14473,206735
14483,87076
14499,40
14499,324467
14675,114986
14677,276868
14683,10051
14684,105661
14686,175224
14687,175224
14688,40
14689,40
14690,40
14692,40
14718,13915
14728,14437
14730,14447
14769,14632
14770,14633
14773,14637
14792,14640
14797,15221
14798,15222
14800,15224
14963,100994
14963,20639
14964,75101
14973,186421
14973,10051
15530,122558
15537,106567
15613,10
15614,10
16035,10
16212,58482
17666,9194
18240,56309
18252,65090
18805,10
18806,18804
18837,142
18892,5
18917,134816
18919,76264
18921,27084
19429,19428
19444,73869
19445,73869
19479,232059
19489,232059
19551,248038
19552,248365
20500,100994
20500,20639
20645,7843
20647,7843
20648,7844
20708,8998
20716,134816
20720,134816
20806,33940
20906,25676
20909,22403
20940,142342
20940,230980
20956,14217
20962,279101
20963,133654
20985,20987
20986,20985
20992,196787
21018,182480
21039,182480
21158,36118
21179,21256
21186,21158
21189,21226
21206,117793
21256,182480
21263,21067
21300,21226
21319,20806
21408,135537
21459,70374
21459,178778
21466,168430
21862,70374
22026,99156
22040,232059
22413,183136
22418,22415
22420,22415
22421,22415
22423,22415
22559,52126
22776,49474
22778,97337
22780,194964
22805,180122
22816,5586
22839,198082
22840,198083
22844,121381
22852,121384
22853,4082
22930,88439
23022,10
23434,134816
23435,164316
23435,47261
23506,40
23509,40
23509,6530
23511,40
23511,78701
23512,227471
23514,40
23514,1222
23538,8578
23539,140347
23585,40
23585,90368
23588,6093
23588,73093
23592,40
23592,90368
23595,40
23595,73093
23660,124171
23758,224195
23896,10
24525,182986
24620,40
24620,65515
24630,228071
24698,40
24699,40
24700,74367
24701,40
24702,74367
24711,161720
24713,161720
24816,91818
24917,244049
24935,72491
25112,295317
25170,88137
25528,143731
25548,10055
25556,65515
25704,142
25712,88439
25791,142
25797,25769
25799,29004
25800,29005
25802,29007
25803,25773
25804,29009
25806,29011
25807,25777
25808,29013
25809,29014
25810,165190
25811,29015
25812,25781
25813,29017
25816,29020
25818,25786
25821,25789
25823,25791
25826,25793
25827,25794
25828,24165
25834,8679
26042,26040
26045,26043
26048,26046
26050,26049
26051,26049
26068,26066
26184,26218
26271,75317
26275,75317
26353,75317
26357,75317
26608,26601
26609,26608
26610,26608
26611,26602
26612,26609
26613,26611
26810,266755
26950,26383
27000,23537
27001,27964
27005,27963
27006,53298
27012,27963
27013,53298
27016,23537
27017,27964
27024,301657
27025,18921
27053,196700
27054,27083
27083,27084
27084,301657
27085,288599
27116,27053
27281,26597
27286,26597
27883,40
27883,65515
27934,8466
27938,14166
27939,53295
27942,116717
27943,53739
27949,14162
27950,53739
27954,14166
27955,53295
27967,27966
27973,27974
27976,192981
27989,10049
28235,7947
28235,3415
28251,58065
28291,25795
28326,206735
28334,230847
28725,331574
28815,40
28949,160651
28991,139268
29001,25768
29002,25769
29004,25770
29005,25771
29007,25772
29008,25773
29009,25774
29011,25776
29012,25777
29013,25778
29014,25779
29015,25780
29016,25781
29017,25782
29019,25783
29020,25784
29021,25785
29022,25786
29025,25789
29027,25791
29031,25794
29038,8679
29136,8670
29577,142
29714,80579
29715,80578
29907,2940
29930,29931
29930,126646
29938,161720
30005,103729
30006,173064
30076,95815
30078,40
30130,175332
30186,33505
30195,103820
30379,30392
30407,30379
30426,40
30426,22086
30442,182079
30514,40
30516,40
30528,2024
30528,2262
30655,98080
30656,127421
30695,30696
31215,40
31286,7953
31347,7954
31368,40
31904,172407
31905,40
31906,40
31907,40
32085,27556
32087,242026
32088,240437
32092,24853
32358,10
32514,100196
32616,38130
32742,89196
32924,191110
32936,135521
33042,191107
33042,37453
33045,32929
33046,1196
33046,191107
33123,33132
33124,33142
33133,33142
33160,191106
33163,191106
33270,230980
33271,10051
33286,40
33504,346
33557,64722
33558,308048
33633,40
33686,203
33879,33880
33880,62967
33885,203
33941,144925
34009,45889
34198,142
34265,27810
34299,95342
34387,10051
34444,75423
34444,5
34714,5
34850,206735
34930,7318
34931,7318
34932,7318
34953,40
34968,212598
34999,86351
35004,18252
35004,5
35038,2664
35100,40
35116,5
35250,56171
35339,3623
35340,19446
35488,134860
36234,230980
36296,84623
36430,252736
36450,5
36459,5
36578,29883
36579,29883
36581,29883
36582,29883
36583,29883
36584,29883
36586,29883
36689,40
36690,40
37031,230980
37126,25675
37126,40
37168,40
37225,10
37498,33132
37499,33142
37507,33142
37523,33142
37530,33132
37531,33142
37538,33132
37539,33142
37547,33142
37554,33132
37563,37669
37570,33132
37571,33142
37591,37554
37592,33142
37599,33142
37605,33132
37606,33142
37612,33132
37613,33142
37620,33142
37626,33132
37627,33142
37634,33142
37641,33133
37655,33142
37661,37530
37662,33142
37669,33142
37834,5811
37852,5
37966,37965
37972,37966
38040,5
38194,40
38503,749
38504,749
38505,749
38585,255745
38587,84301
38605,40
38665,777
38732,38739
38733,38740
38739,38737
38740,38732
38798,38737
38799,38739
38801,99801
38802,338101
38990,61647
39634,66560
39636,66560
39637,66560
39649,10
39650,10
39651,10
39653,88580
39685,101213
39701,40
39702,40
39703,40
39704,40
39705,40
39706,40
39709,40
39710,40
39711,40
39712,40
39713,40
39714,40
39715,40
39914,72205
39915,40
39969,132328
40142,10197
40204,10166
40204,186225
40207,40204
40208,10201
40236,40865
40238,10201
40270,10201
40281,40282
40300,10199
40300,47562
40302,40236
40304,10201
40372,40370
40375,10200
40376,40282
40376,288938
40413,40414
40414,40546
40414,47297
40458,40752
40520,10156
40546,40548
40550,40270
40550,186515
40583,40329
40595,10200
40637,40620
40674,10158
40683,40693
40696,40546
40696,214068
40700,40270
40727,248474
40752,40329
40825,40855
40828,40855
40850,142
40855,10197
40855,298011
40858,10197
40858,298011
40860,10199
40860,298011
40865,10200
40865,298011
40866,40752
40867,10201
40867,298011
40909,40329
40953,40319
40953,51068
40958,40204
40976,40
41031,1076
41067,5668
41143,1076
41161,5668
43155,59161
43155,53793
43569,25676
43765,25676
44241,142
44372,277592
44387,142
44560,88842
44640,324161
44752,277592
44932,44950
44966,82752
44966,191106
45319,40
45344,135731
45412,80578
45654,129342
45678,27556
45750,187571
45802,45807
45965,3961
45966,253885
45966,3961
46022,52987
46022,123123
46151,10
46152,10
46233,142
46646,104859
46657,10
46670,52126
46699,7843
46727,84159
46729,142
46864,40
46864,71061
46897,259445
46897,39653
46898,259445
46898,39653
46933,172407
46992,10051
47073,63886
47081,83658
47350,10410
47536,47556
47610,47556
47661,47674
47674,8413
47819,107891
47931,277
47932,277
47946,240926
47999,206735
48050,244049
48093,102366
48460,105321
48514,84851
48645,25675
48656,36234
48656,116453
48673,3961
48691,5
48764,142
48765,142
48848,10
48848,40
48877,22320
48967,1316
48974,40
49001,40
49016,139761
49076,720
49084,230980
49084,10051
49099,10554
49099,10
49108,10
49115,10
49234,40
49234,5
49454,10
49559,10
49581,143182
49613,175851
49616,10
49617,10
49620,140435
49628,10
49632,49691
49633,49697
49640,49643
49643,10
49644,49691
49646,10
49647,49648
49648,49697
49653,175851
49690,10
49691,49696
49696,210000
49697,10
49703,10
49706,49697
49711,175851
49716,49711
49766,33885
49806,10
49820,5
49847,175851
50399,109395
50435,10
50435,175251
50483,50404
50484,51946
50494,27801
50508,7067
50735,142
50815,105564
50997,40
51027,203
51027,203
51067,122250
51350,141468
51350,7953
51403,14144
51437,52957
51543,20500
51677,158894
51679,142242
51683,142
51731,48158
51830,129070
51834,40
51877,51740
51878,51797
51879,51798
51885,71061
51927,52937
51953,10
51958,83578
51959,48771
51960,36256
52147,40
52206,50405
52226,50404
52254,50406
52369,72668
52369,6530
52543,7052
52747,142
52759,142
52761,28243
52794,142
52949,52994
52952,127968
52954,23434
52957,56326
52957,10051
52959,109522
52970,77937
52975,28495
53001,56927
53024,151800
53044,10
53090,1973
53143,7913
53158,10
53191,10
53193,10
53196,10
53367,50494
53388,7814
53475,10
53477,5
53478,10
53480,10
53542,2808
53542,7920
53574,10
53575,10
53602,118658
53646,279521
53650,10
53666,40
53666,7954
53800,175846
53866,7913
53867,62967
54008,5
54055,95815
54066,114986
54074,285073
54108,51924
54114,66796
54204,36795
54333,27803
54347,26351
54405,134816
54406,245222
54406,10051
54444,116796
54487,34265
54526,25675
54526,10
54527,25675
54527,8683
54541,40
54546,60462
54576,89196
54668,116734
54725,10
55003,40
55003,40
55034,10
55037,5
55038,8836
55247,5823
55250,34009
55251,55250
55270,170689
55377,7917
55396,20639
55396,230980
55491,7913
55522,189374
55581,196514
55582,55581
55583,55582
55586,27608
55615,61669
55636,144494
55636,296185
55648,142
55669,40
55670,40
55671,10051
55672,10051
55679,10051
55684,10
55770,55881
55770,142
55789,194
55797,55796
55798,55797
55843,27819
55938,80578
55945,30101
55946,30102
55947,30102
55948,30103
55949,30103
55950,30104
55951,30104
55952,30105
55953,30105
55954,30106
55955,30106
55956,30107
55957,30107
55958,30108
55959,30108
55960,56960
55961,56960
55962,56961
55963,56961
55976,10051
55988,55990
55991,55990
56051,46667
56117,52206
56122,56001
56128,254142
56171,338363
56172,230980
56489,145563
56526,73359
56549,77025
56571,45
56653,118742
56672,76225
56731,61578
56811,5
56925,5
56927,49711
56943,56944
56964,4086
56965,160927
56973,107782
56976,10887
56981,98597
57023,40
57024,40
57044,32
57044,4736
57050,25676
57052,25691
57061,40
57061,4736
57062,40
57062,194
57088,106565
57089,221461
57334,48881
57334,40
57434,10
57521,3415
57524,142
57627,336642
57728,25676
57918,188
57945,25682
58063,2659
58063,86436
58161,142
58161,10
58278,97333
58384,40
58482,190541
58656,10
58665,10
59174,115567
59268,25682
59292,5
59306,209981
59328,7318
59328,170156
59502,116845
59532,121381
59591,7913
59599,38163
59600,38164
59601,38165
59602,38165
59648,289035
59867,60960
59867,277988
59929,208176
59973,96748
59974,230980
59974,22346
59990,126646
60019,129070
60019,196
60145,339765
60157,352
60192,40
60264,151800
60265,121206
60266,87030
60308,70320
60343,60264
60429,40
60462,65090
60493,50406
60557,142
60582,287451
60605,10
60606,10
60632,1316
60635,120718
60644,279607
60681,89196
60685,60681
60696,76051
60715,108954
60800,40
60805,8733
60822,172407
60823,123941
60862,235796
60872,5
60937,5
60945,5251
60954,6530
60960,73642
61004,142
61005,142
61006,10051
61007,10051
61008,10051
61009,61008
61019,8836
61037,171621
61054,93
61054,196
61066,74367
61076,61078
61086,61087
61091,297086
61142,1222
61142,98809
61205,4086
61226,4086
61227,40
61227,160927
61265,96494
61352,61353
61370,142
61370,142
61395,64989
61397,10051
61468,5
61468,10
61502,5
61534,33505
61536,10051
61571,10
61578,56738
61603,142
61603,142
61669,8683
61716,40
61725,40
61803,8514
62004,61669
62046,74367
62068,88580
62068,5
62069,5
62069,39653
62108,93
62108,196
62114,127968
62298,230980
62301,75526
62312,18252
62355,5
62355,10
62356,10
62362,18804
62389,246388
62401,88580
62401,10
62402,10
62402,88580
62544,27053
62570,10
62731,203
62754,203
62756,106154
62758,5
62809,3101
62821,10
62821,5
62830,10
62876,40
62879,62877
62918,4086
62948,73256
62955,10
62956,10
62967,244049
62968,5
62990,62989
63009,99820
63010,1196
63010,99821
63070,5
63070,10
63077,10
63123,5
63250,35327
63440,5
63459,121381
63473,8683
63482,40
63518,36121
63534,330410
63647,5
63960,34387
63985,10
64097,60681
64216,64989
64400,10
64405,117973
64415,32358
64437,80652
64485,53650
64549,7947
64551,14162
64557,720
64601,720
64608,75423
64608,5
64722,166260
64800,73093
64873,71374
64911,86436
64919,10051
64987,74400
64990,81603
65040,7318
65043,73093
65090,230980
65091,40
65134,230980
65151,49711
65151,40
65220,45
65227,124171
65228,64866
65251,65252
65252,256255
65252,302562
65259,65171
65310,65090
65310,230980
65331,65330
65357,230980
65358,131808
65384,136548
65515,143731
65608,137319
65730,6
65733,93
65734,78705
65737,1953
65764,39653
65858,40
65858,166257
65858,8683
65890,40
65896,62298
66169,151800
66181,127648
66246,239968
66339,10051
66353,112873
66446,5
66449,10
66490,10051
66503,73353
66560,10051
66629,127968
66660,5
66665,56171
66715,9194
66728,5
66779,8683
66781,10
66791,157142
66791,10
66829,1222
66872,40
66885,74367
66886,40
66959,73093
66983,127968
67040,7953
67076,40
67342,203
67342,7953
67461,40
67461,181434
67815,196
67894,97256
67989,4799
68028,21319
68068,34444
68312,3415
68344,279415
68346,3415
68397,22379
68494,10
68499,123123
68503,40
68503,189376
68504,129070
68719,3415
68720,3415
68721,3415
68962,109340
69017,77442
69115,40
69115,7913
69177,10
69183,29000
69205,61142
69241,196382
69262,40
69268,88140
69345,73093
69482,74367
69513,10055
69549,151800
69553,5
69733,259445
69733,5
69891,7913
69904,73093
69921,14742
69930,5
69982,3415
69982,266073
70098,188376
70169,22847
70199,328333
70229,52126
70252,50250
70262,61037
70280,61076
70320,175856
70321,8683
70545,9194
70546,5
70548,8683
70549,8683
70550,92263
70563,126825
70564,70563
70747,302203
70750,40
70777,6530
70803,203
70803,230980
70804,10
70804,230980
70884,84968
70909,128227
70923,77109
70929,68527
70935,109534
70935,117818
70940,265
70992,2487
71022,193592
71024,134868
71042,142242
71050,142242
71051,71050
71118,10
71121,4164
71148,40
71148,34387
71188,5
71188,117818
71228,282671
71273,71274
71374,71377
71377,72400
71377,262684
71396,22847
71398,22847
71412,2487
71413,38608
71422,67342
71521,65333
71523,6530
71538,45965
71538,17778
71575,10
71602,40
71602,4086
71604,142
71621,172407
71716,167422
71721,128634
71816,70302
71823,299766
71823,97401
71824,76566
71840,10051
71860,54844
71860,55269
71868,10051
71874,71792
71875,71792
71953,208139
71986,720
72000,89196
72000,10051
72003,40
72055,40
72056,40
72056,5
72057,40
72057,203
72107,100994
72107,20639
72114,101605
72205,40
72206,40
72219,5811
72230,10051
72339,173318
72379,74400
72401,71374
72451,10
72490,8683
72491,136548
72560,70579
72560,337175
72613,280710
72648,3623
72648,72649
72649,73869
72668,65090
72690,20703
72702,72682
72708,72682
72710,72682
72731,65855
72815,62967
72861,203
72918,203
72918,308046
73093,86436
73169,2808
73170,76074
73255,72668
73255,203
73256,72668
73256,10
73334,136004
73334,22091
73353,7947
73355,7947
73360,112560
73425,139270
73522,40
73523,40
73582,123123
73675,214682
73718,72668
73718,290114
73757,5
73757,10
73759,46667
73780,6093
73780,62756
73781,40
73781,81603
73783,73784
73784,79696
73802,9194
73802,5
73811,9195
73811,5
73855,1222
73929,19445
73933,60681
73934,60681
74039,71538
74057,10
74367,40
74392,14217
74400,203
74495,88580
74495,7918
74591,100994
74662,78642
74677,259626
74787,34444
74793,100994
74794,5
74795,5
74796,5
74840,276864
74840,5
74938,191107
74939,191107
74941,203
74942,10
74943,5
74993,127421
75084,307989
75111,301657
75155,32
75325,75327
75326,328982
75353,263919
75354,75353
75423,7947
75425,75423
75518,40
75526,40
75527,40
75527,151800
75643,6005
75656,76618
75681,75682
75743,10051
75795,73093
75847,55400
75884,47262
75888,267896
75995,5
76049,216134
76074,6005
76080,40
76225,338363
76274,40
76342,40
76368,40
76369,8683
76479,75423
76479,8683
76480,76479
76535,117973
76539,80755
76544,8683
76563,6530
76565,6530
76566,6530
76567,6530
76568,6530
76569,6530
76618,7947
76627,5
76632,78020
76640,10
76664,91818
76821,230847
76826,115384
76835,203
76897,87165
77008,168565
77017,40
77020,76632
77066,40
77066,7947
77106,100196
77107,48763
77109,48763
77115,185549
77116,176580
77126,142342
77131,142342
77432,77431
77442,82981
77443,143608
77447,84068
77648,40
77650,203
77651,10
77653,80096
77847,52528
77849,77997
77852,232059
77861,77944
77865,52547
77880,119282
77904,77973
77912,1607
77931,123344
77931,194519
77937,52528
77939,77997
77944,78004
77998,52994
78003,77858
78027,931
78310,7947
78435,171512
78442,720
78469,5668
78584,54541
78588,285679
78615,7947
78644,5
78685,40
78685,80776
78703,1227
78704,10
78704,196
78705,203
78705,196
78709,5
78711,100833
78767,297251
78782,40
78782,176100
78788,78701
78837,40
78916,40
78979,100833
79251,79250
79260,10051
79261,166260
79295,40
79295,10051
79496,82981
79559,80578
79579,3958
79643,196
79696,65090
79704,40
79705,40
79728,40
79827,160924
79952,40
79952,230980
79954,142
80039,279101
80084,40
80084,22559
80085,40
80086,40
80087,40
80096,101213
80096,88226
80143,119996
80150,80151
80239,293411
80304,8683
80305,8683
80339,20639
80396,14473
80396,7947
80400,10
80400,7947
80468,87805
80545,10051
80639,79000
80643,255463
80685,6530
80703,80646
80724,142
80746,22342
80763,276862
80776,279521
80787,6355
80813,36583
80819,80820
80847,8683
80848,8683
80849,80848
80937,52547
81063,28235
81115,74367
81117,38129
81118,25676
81134,80727
81147,22839
81249,80727
81252,279521
81256,6530
81259,7917
81282,288963
81325,65764
81325,21105
81334,81325
81410,192962
81495,97613
81672,27306
81738,10051
81835,7064
81843,184516
82023,10
82045,142
82135,81186
82136,81187
82143,69720
82144,245391
82149,229472
82274,142
82289,82290
82290,260220
82392,3602
82460,230980
82462,48974
82462,71538
82494,15910
82495,82493
82514,5
82514,230980
82542,40
82551,33880
82575,186776
82585,15449
82662,112714
82693,4738
82693,53208
82694,4738
82694,53208
82752,25676
82767,293810
82850,213724
82851,82850
82898,62967
82902,1227
82903,203
82907,7318
82910,1223
82910,40
82969,129771
82981,77445
82988,85449
82997,76479
83023,256244
83054,22838
83055,172475
83093,7318
83094,191107
83095,191107
83096,191107
83097,191107
83101,133294
83254,10
83271,5
83346,3415
83356,60872
83368,73869
83399,293810
83539,39653
83542,10
83544,142
83558,40
83559,24195
83672,15518
83723,40
83726,240068
83741,298043
83786,2808
83822,4086
83824,83822
83878,86351
83912,218444
84009,71271
84011,4086
84068,1653
84158,142
84159,79291
84177,83421
84240,84241
84300,10
84301,203
84302,5
84311,131733
84359,83023
84360,230980
84421,40
84431,133572
84535,185549
84636,84635
84637,84636
84707,61647
84890,75362
84890,3415
84901,229278
84919,102366
84920,40
84921,240068
84922,74367
85002,286752
85003,286752
85090,10051
85374,119581
85392,6530
85405,324964
85425,114285
85425,85424
85435,287744
85438,59827
85439,202107
85440,248720
85441,59978
85462,5585
85463,302298
85464,249961
85504,122069
85599,49617
85683,40
85683,6218
85695,215580
85697,73
85731,3415
85739,6093
85891,29000
85931,181133
85970,293810
85975,40
85975,268643
85981,40
85981,316868
86009,268643
86011,316868
86020,208140
86021,202109
86023,288876
86070,4736
86070,53208
86299,111089
86303,40
86304,40
86327,5
86344,87205
86351,163606
86358,142
86369,5
86374,91954
86436,117818
86482,2251
86483,99549
86689,179824
86700,10
86707,195121
86755,24166
86769,1223
86769,51
86801,40
86901,106570
86905,1405
86926,22362
86936,230980
86937,138690
87003,8683
87030,308046
87049,8683
87049,54087
87116,37800
87123,97131
87136,224195
87211,87432
87267,230980
87275,80541
87276,80541
87413,24719
87432,94374
87734,262882
87739,163563
87743,94742
87810,7814
87893,34444
88140,10051
88146,40
88146,38572
88226,86520
88377,20639
88378,20639
88379,20639
88431,92910
88435,92910
88499,40
88520,116551
88520,131717
88545,127546
88564,132327
88580,244049
88631,60265
88633,60264
88680,230846
88748,236840
88822,52126
88839,37239
88840,100892
88882,142
88891,1296
88922,5
88967,40
88978,40
88982,72668
88982,40
89026,20639
89027,106002
89034,160656
89038,40
89068,301657
89120,20639
89124,6530
89192,40
89214,95190
89241,40
89253,40
89263,135560
89309,90739
89312,37239
89451,40
89451,8683
89495,40
89495,8683
89559,40
89612,297402
89619,76567
89620,40
89633,25676
89809,26274
89819,65855
89821,230980
89927,3501
89928,48739
89950,55997
90044,28326
90079,88748
90176,8647
90178,40
90387,5
90395,5
90405,10051
90532,230980
90585,10051
90678,38189
90864,73188
90942,40
90988,25676
90990,287381
90995,287381
91194,294935
91297,171900
91304,86436
91369,10
91519,331739
91626,5
91738,1750
91818,62967
91915,792
91916,83658
91919,53088
91960,92910
91960,10051
92043,142
92246,93505
92248,76479
92249,10
92263,32
92266,63886
92384,4155
92412,90739
92438,134063
92517,5
92523,1221
92525,220466
92543,319573
92693,10
92694,10
92771,40
92771,40
92771,7918
92773,40
92773,40
92773,7918
92774,40
92774,40
92774,7918
92780,5521
92790,10
92860,8507
92929,40
92930,282671
92949,40
92949,151800
93039,189374
93040,48584
93379,87432
93515,8507
93526,98512
93659,142
93709,54844
93722,57538
93834,83314
93917,158416
94013,189743
94039,87432
94051,40
94051,10
94053,128139
94102,4737
94102,22356
94186,2262
94290,7814
94290,40
94567,211329
94569,81012
94616,53156
94622,94627
94734,94729
94763,94761
94764,94761
94789,60557
94790,52975
94795,94794
94798,268643
94802,61007
94821,181367
94914,272914
95003,105426
95076,7895
95111,95076
95116,40
95117,230980
95140,7318
95141,7318
95142,7318
95143,7318
95144,7318
95145,7318
95208,10051
95248,333996
95374,1227
95665,95664
95670,95669
95671,95670
95686,282532
95686,5
95791,72649
95792,87172
95808,1227
95832,25669
95874,65515
95891,4736
95931,27983
95933,27983
95959,40
95987,142
96145,7318
96145,7953
96196,15910
96346,80579
96489,40
96491,316355
96494,6
96500,151800
96500,196
96501,70320
96736,5
96737,5
96945,96944
96946,96945
96976,6053
97011,203
97022,2659
97069,40
97075,52937
97076,52937
97083,92263
97131,153981
97132,153981
97251,191107
97251,37453
97254,32929
97255,1196
97255,191107
97256,228071
97298,97297
97299,97298
97300,97299
97331,166588
97338,40
97363,40
97426,40
97426,22844
97454,72731
97456,230980
97472,164394
97480,40
97594,30451
97594,192747
97723,203
97786,52150
97787,97786
97788,52161
97789,97788
97807,131406
97913,8718
97932,40
97944,40
97991,4086
98033,40
98090,40
98098,144615
98179,38504
98184,89068
98200,53475
98201,10
98212,77985
98305,140824
98353,127948
98359,3991
98360,3991
98388,40
98389,40
98390,40
98405,69720
98512,195686
98597,108
98600,99926
98605,40
98655,98657
98657,52552
98823,40
98996,40
98996,2492
99016,264080
99025,3501
99036,8466
99061,278484
99062,278484
99072,73359
99076,960
99098,5251
99235,193147
99301,5
99301,3415
99306,3415
99310,10
99310,3415
99462,122788
99463,73
99464,73
99486,99488
99517,126
99584,40
99585,129070
99618,40
99627,25675
99738,33885
99770,601
99777,5
99801,230980
99802,99801
99813,7318
99820,228071
99821,228071
99861,65090
99862,65090
99923,32
99925,32
99957,10
99958,10
99984,7947
99985,7947
99990,8683
99991,8683
100007,34444
100008,34444
100198,8683
100371,10
100449,210000
100484,40
100511,32443
100537,25669
100537,71724
100577,5
100587,5
100613,10
100634,10051
100637,230980
100656,10051
100661,87805
100665,45
100665,194
100672,40
100691,77852
100714,40
100714,5811
100791,212013
100792,14370
100803,230847
100810,100821
100820,172407
100821,54541
100828,51927
100876,40
100886,33811
100994,10055
100995,100994
100995,5
101037,49581
101040,222312
101041,305716
101090,101089
101091,101090
101092,539
101093,540
101099,101092
101102,101097
101184,55679
101203,10051
101243,217402
101256,10051
101264,166260
101266,164349
101300,151800
101300,151800
101306,7652
101332,73869
101399,97333
101402,164349
101405,230980
101433,164349
101448,40
101553,100747
101604,52986
101605,86436
101634,117643
101637,86436
101651,161560
101660,91297
101671,161560
101673,102392
101808,10051
101863,90908
101909,35250
102039,267317
102310,3991
102310,22351
102363,163866
102366,196
102389,102393
102390,102394
102396,167275
102511,8683
102631,336551
102675,196564
102676,196564
102678,102677
102680,102679
102685,55640
102715,132044
102715,10
102733,40
102781,40
102890,163563
103116,10
103164,10051
103196,133993
103217,212012
103326,127546
103355,6
103390,10051
103416,6
103447,14473
103447,8683
103452,48151
103566,40
103566,129
103568,40
103569,40
103570,40
103571,40
103572,40
103644,106852
103645,131040
103646,106852
103729,48974
103736,141468
103736,45
103819,77846
103976,172407
104103,6
104106,89242
104120,135732
104147,40
104147,48766
104156,72690
104200,2808
104200,7918
104568,4736
104571,25683
104571,47470
104572,4736
104572,49450
104582,25683
104582,19274
104638,40
104638,196564
104640,196564
104762,25683
104762,19274
104763,134868
104763,22356
104764,25676
104764,204
104765,25691
104765,204
104767,77943
104792,99375
104792,141480
104793,25669
104793,23537
104887,25676
104887,40
105058,76708
105060,25691
105060,142
105161,101300
105203,62756
105234,8683
105235,8683
105321,60632
105392,204
105469,135731
105470,100810
105500,5811
105555,5
105555,40
105560,1222
105560,40
105561,1221
105561,40
105562,6530
105562,40
105570,7947
105635,52937
105671,87123
105700,61142
105760,40
105824,203
105825,203
105826,203
105827,203
105852,203
105853,203
105931,37239
105946,108647
105947,105946
106002,100810
106035,104521
106044,40
106044,68527
106154,189641
106157,53088
106187,25676
106188,54108
106191,155587
106255,3983
106256,1075
106268,106187
106271,14138
106314,3983
106435,238923
106465,95834
106474,6579
106476,25669
106476,10
106477,10
106549,5
106587,40
106665,85062
106666,77937
106701,72668
106825,160385
106826,88748
106829,106744
107044,3983
107044,142
107078,8683
107079,8683
107105,7318
107239,73
107240,248098
107279,230980
107286,117818
107347,40
107347,56171
107351,1973
107387,5313
107393,3415
107393,289195
107418,105946
107443,174565
107458,306276
107459,142
107622,40
107623,40
107660,32096
107744,90368
107745,90368
107755,191107
107757,191107
107819,135731
107891,114239
107916,47819
107942,218131
107963,208139
107991,142
108103,137709
108104,930
108122,77864
108151,10051
108154,10051
108228,3961
108351,1590
108354,47508
108362,133586
108412,272073
108475,105058
108576,108578
108577,108576
108650,153978
108679,134287
108681,51923
108738,78701
108754,131733
108775,336835
108882,100833
108911,241404
108955,202305
108956,202305
109021,58482
109123,6597
109128,206735
109338,132737
109395,9195
109541,293014
109606,10
109607,10
109634,73388
109652,19446
109652,40
109763,40
109786,39834
109794,6355
109965,2984
110034,61647
110157,75423
110159,187673
110254,10
110293,1075
110295,40
110315,110332
110391,240926
110494,40
110515,114283
110526,49651
110560,10051
110613,63376
110667,110666
110679,1076
110749,75362
110749,4086
110833,40
110892,3132
110895,75643
111089,6530
111136,30426
111150,5
111333,40
111365,106569
111397,2808
111406,78442
111587,116404
111665,39834
111775,91954
111917,23549
111954,52937
111955,48655
112044,40
112045,40
112045,122800
112063,112133
112073,112133
112232,230980
112416,40
112460,27791
112461,27804
112462,27815
112508,166692
112526,57521
112610,203
112658,34947
112691,167193
112773,40
112831,165310
112953,230980
113048,159981
113215,196
113215,54519
113224,129
113225,52937
113241,5
113300,73
113301,196700
113402,137688
113479,92054
113479,11782
113523,10051
113636,105661
113637,10051
113638,105661
113646,10051
113680,136157
113684,23610
113768,219227
113935,40
113954,103196
113979,52957
114091,101882
114114,30528
114186,131516
114214,301977
114243,110159
114283,140303
114620,142
114647,97075
114696,113224
114697,48746
114889,39966
114890,167878
114960,52957
115113,215095
115140,128634
115264,1400
115356,237347
115384,161560
115514,25669
115516,309074
115517,309074
115605,56570
115730,208176
115788,327136
115792,301657
115852,244855
115971,236677
116082,115567
116127,40
116149,303383
116150,87451
116384,27306
116404,48739
116520,102376
116522,256136
116523,1316
116568,230980
116572,40
116588,143182
116734,27083
116845,238846
116847,54452
116948,212012
116995,330410
117152,86926
117295,10
117495,40
117567,25676
117590,52919
117592,81603
117592,164285
117677,5
117722,1950
117722,22351
117762,40
117767,6
117797,228141
117818,20639
117898,205376
117902,78029
117904,117898
117908,75362
117947,206735
117948,115067
117948,203
117961,330410
117961,335298
117964,4483
117964,88917
118014,226355
118111,53186
118124,131421
118136,166260
118137,127421
118137,7953
118310,139270
118360,30101
118425,1629
118538,40
118586,175332
118649,52528
118742,140347
118749,7917
118751,151800
118753,7918
118754,7918
118755,7918
118777,230980
118821,118824
118822,230075
118824,330569
118825,118831
118828,46978
118830,118827
118966,73675
119387,265
119502,25581
119502,142
119587,232580
119690,10051
119959,40
119972,34947
120303,88631
120444,235796
120503,96346
120525,96346
120533,40
120589,14137
120612,79773
120613,114986
120614,276868
120615,114986
120664,162725
120775,20878
120778,346
120849,290651
120866,5752
120880,62756
120880,89143
120891,34444
120892,217233
120948,81186
120950,81186
120978,5059
120990,5058
121048,10
121199,121201
121200,155634
121201,81188
121203,121213
121204,81200
121206,10051
121241,38189
121381,246388
121489,80883
121517,3501
121536,135673
121546,246300
121561,175851
121567,40
121567,22351
121646,226205
121722,25682
121801,226205
121807,40
121807,97256
121844,175851
121896,99738
122002,255070
122103,40
122263,118538
122264,77017
122431,25669
122601,40
122754,40
122788,77858
122931,169622
123070,4957
123123,86801
123128,172407
123231,118658
123251,131732
123326,99738
123329,244048
123387,40
123564,270788
123567,22559
123667,61142
123740,270788
123871,57087
124088,124087
124124,143608
124174,77442
124195,99427
124258,4737
124353,1609
124400,52994
124434,66885
124678,40
124759,285097
124808,336642
124861,77846
124897,8683
124927,206735
124928,206735
125047,122002
125168,5
125255,90368
125256,90370
125266,40
125592,93505
126114,122197
126116,32
126237,87275
126328,142
126473,122558
126606,2487
126825,64987
126832,64987
126862,128138
126900,60446
126995,40
127197,230980
127197,271478
127236,174032
127246,161560
127250,161560
127255,127252
127267,230980
127329,40
127439,25682
127439,230847
127473,10
127511,8683
127513,8683
127647,108035
127692,145377
127712,22366
127713,127712
127733,127648
127774,127739
127778,2260
127864,77917
127884,45
127906,99820
127917,40
127918,40
127919,40
127920,40
127921,40
127922,40
127968,131326
127973,60632
128059,10051
128060,10051
128139,335262
128218,128217
128229,144328
128233,40
128233,299763
128307,82752
128533,192243
128587,119282
128766,207166
128913,230980
128936,209685
129069,40
129070,40
129071,40
129072,40
129073,40
129074,40
129075,40
129229,57843
129230,57843
129283,3415
129296,5
129312,127948
129354,75995
129362,122746
129401,72668
129401,3961
129588,203
129589,265278
129628,75995
129647,214297
129688,212012
129696,74331
129726,40
129744,113224
129768,40
129839,392
129966,47581
130209,127648
130209,5
130256,189663
130259,130261
130290,40
130291,40
130303,143956
130321,25676
130322,90988
130322,3415
130330,25676
130453,128219
130453,164094
130473,87172
130493,142
130526,2251
130556,181940
130578,5252
130674,5
130674,142
130675,86436
130675,142
130692,142
130755,282153
130869,282153
131037,1333
131060,206735
131061,206735
131063,206735
131065,206735
131067,206735
131082,206546
131089,5
131137,131138
131137,60816
131187,274010
131309,5379
131326,97133
131328,131326
131370,130707
131377,230980
131378,230980
131403,167821
131405,167821
131426,40
131470,48881
131505,131728
131516,10051
131588,84184
131607,48739
131668,133296
131711,129
131725,131711
131726,163271
131727,69306
131733,40
131755,5
131780,131269
131807,65358
131808,171512
131885,38504
131996,81611
132044,206735
132046,109128
132047,131065
132048,131065
132090,230980
132189,57918
132194,99618
132200,163866
132227,40
132345,57918
132352,326186
132369,230980
132369,142
132419,132708
132635,230980
132650,5
132708,70372
132728,25675
132729,206735
132731,206735
132733,206735
132735,206735
132737,206735
132749,206735
132752,206735
132774,241151
132788,128634
132823,14473
132896,7318
132896,86436
133034,78027
133037,931
133038,931
133044,134816
133080,128229
133081,127701
133190,100455
133212,38503
133264,51885
133296,71061
133417,1108
133476,139748
133547,40
133548,40
133549,40
133550,40
133585,133586
133586,135992
133695,8683
133823,4737
133824,4737
133825,4737
133993,95342
134058,109128
134059,131065
134156,5
134181,108754
134286,155972
134310,131437
134323,40
134391,189709
134403,134482
134444,25669
134488,5
134591,40
134660,1316
134828,126120
134917,135677
135061,307136
135087,109128
135089,131063
135136,179868
135177,138416
135178,40
135246,2965
135260,192687
135399,116150
135483,40
135491,232508
135671,100196
135672,135673
135673,48766
135674,77113
135675,135677
135676,77113
135677,48766
135678,77113
135679,10051
135680,135679
135683,20639
135684,10051
135731,40
135732,40
135839,193592
135841,130303
135908,792
135941,48881
135963,90909
135964,1951
135984,40
136004,236840
136047,142
136047,142
136219,186354
136522,4086
136529,92028
136529,5
136548,7917
136610,45
136610,196564
136687,136522
136767,80468
136770,20648
137199,129
137243,10
137331,48883
137331,10051
137344,142
137357,137356
137358,137357
137399,121496
137429,77973
137441,10051
137470,77973
137505,77973
137508,3983
137521,40
137558,40
137584,137531
137709,189662
137741,188838
137780,1223
137780,51
137807,40
137821,191107
137822,191107
137831,40
137831,66014
137922,86969
137937,138100
138010,9191
138010,5
138105,1690
138117,53186
138117,129070
138149,138150
138187,122918
138322,180250
138330,171588
138383,299763
138401,40
138402,40
138404,40
138406,40
138408,40
138410,330410
138416,40
138417,40
138418,40
138419,40
138420,40
138421,40
138422,40
138424,40
138425,40
138426,40
138427,40
138428,40
138429,40
138430,40
138432,40
138433,40
138434,40
138435,40
138436,40
138437,40
138438,40
138440,40
138452,330410
138636,40
138689,40
138690,40
138691,240068
138692,138689
138693,60429
138709,138710
138711,56556
138712,56556
138966,10051
139038,106314
139040,3983
139040,930
139049,40
139130,5
139130,5
139140,40
139140,6218
139209,47790
139270,65090
139329,142
139391,6370
139398,139748
139413,223544
139545,130707
139672,1400
139714,139748
139764,66628
139790,142
139797,133993
140099,158919
140208,230980
140234,64911
140280,7318
140280,7954
140303,25676
140313,140298
140347,65090
140353,40
140356,4197
140356,142
140397,292639
140413,1076
140420,134063
140434,10
140435,10
140461,40
140466,10
140475,175216
140524,20639
140531,25682
140649,130321
140652,5
140670,160467
140725,133467
140777,40
140805,206735
140807,206915
140824,188378
140979,134860
140979,60144
141101,40
141105,1950
141138,40
141138,40
141138,130665
141169,25675
141169,45
141325,127968
141387,127948
141468,230980
141583,248098
141596,206735
141597,206735
141679,25669
141685,77868
141775,130785
142242,71055
142342,40
142474,78012
142590,61037
142599,61037
142600,61037
142721,38572
142883,61037
142994,69038
143038,89633
143052,94765
143075,173434
143084,134478
143084,142
143086,3983
143086,329562
143127,5
143128,203
143200,177228
143268,10
143270,225531
143272,5
143274,6218
143299,7895
143333,7318
143357,142
143443,2321
143536,3056
143536,10051
143538,25675
143538,10051
143544,3056
143544,10051
143545,10051
143595,143956
143607,98894
143608,281237
143667,123564
143731,293810
143901,59036
143902,3991
143928,40
143974,3991
143976,3991
143977,59036
143979,3991
143996,3991
143997,3991
143998,59036
143999,59036
144196,132749
144216,335262
144403,206735
144404,131060
144464,3983
144464,329562
144473,25675
144494,86436
144519,40
144570,40
144570,141468
144609,76539
144611,276864
144612,245222
144613,203
144614,203
144615,203
144707,131326
144769,40
144898,226405
144925,72668
144925,5
145027,196787
145109,53143
145154,5
145216,250015
145229,5
145377,7913
145382,40
145382,35327
145445,6
145446,40
145446,48763
145607,253470
145677,128229
145737,10051
146076,271342
146167,8683
146564,5
146762,144448
146880,141540
146886,40
147562,160410
147582,161411
147597,147596
147609,230980
147704,215885
147748,93129
147809,5
147810,5
147845,32929
147965,230847
151566,151787
151763,10051
151774,117973
151799,175856
151800,159477
151842,9947
151904,161411
151906,147582
151907,147582
151914,147582
151917,147562
151920,130665
151948,62402
151948,5
151982,108035
152114,40
152114,22086
152134,6522
152224,152223
152418,23000
152674,282532
152674,5
152689,142
152692,4142
152714,3983
152716,3983
152717,157454
152717,5055
152738,293407
152770,158901
152864,158901
152897,152896
152904,25676
152904,8683
152906,7318
152907,7318
152967,158901
152984,152864
152993,82514
153081,40
153143,40
153287,60143
153316,1077
153339,62318
153366,81567
153480,40
153481,40
153482,40
153483,30514
153484,40
153486,30516
153491,206735
153775,191110
153778,65252
154115,40
154327,66629
154388,130855
154529,16084
154687,154127
154815,153990
154949,1590
154957,3983
154968,53524
155038,25676
155040,154957
155067,6093
155076,168313
155124,167407
155213,40
155462,230980
155722,40
155750,86304
156037,40
156039,8806
156277,8683
156536,154811
156561,122367
156659,156875
156660,156874
156706,75743
156707,5
156749,156707
156844,156845
156853,156866
156874,10051
156874,106549
156875,156874
157010,157105
157102,92028
157106,157105
157110,157111
157112,157111
157376,157377
157378,157377
157423,25676
157423,10051
157449,33879
157657,8683
157658,8683
157667,157665
157736,157734
157760,157761
157768,157769
157786,157787
157796,157797
157865,99802
157893,112714
157893,7814
157966,144769
157996,172407
158662,34387
158821,127701
158901,137319
158920,49611
158948,4202
159061,168255
159081,64989
159200,5
159222,159221
159333,142
159477,14684
159481,89214
159917,242082
159966,263426
159981,151791
160017,161175
160410,130665
160412,130665
160588,53641
160595,10
160651,5
160656,40
160720,160721
160721,267700
160772,173064
160799,130665
160807,130665
160869,59387
160902,3991
160902,7918
160909,40
160909,211
160924,160925
160927,4086
160929,4086
160942,169805
160973,321014
161116,1227
161188,40
161188,196
161199,2802
161344,123123
161382,74279
161385,74279
161424,86969
161425,86969
161428,40
161511,88512
161537,65090
161537,230980
161569,230980
161625,7652
161654,5
161655,5
161664,5
161720,40
161753,141468
161758,64722
161764,199238
161777,18252
161847,40
161916,249032
161942,203
162177,40
162462,184387
162484,51927
162485,113224
162526,86969
162786,40
162939,40
162988,83375
163057,40
163095,788
163109,5
163109,10
163291,40
163292,40
163293,40
163296,141468
163298,88580
163299,5
163366,40
163369,62402
163369,88580
163370,62402
163370,10
163371,62401
163371,5
163372,62401
163372,88580
163373,62401
163373,10
163400,141468
163464,40
163602,166257
163695,33811
163801,276867
163866,131063
163871,72668
163871,203
164001,134816
164028,65090
164056,164057
164315,134816
164349,62050
164355,186813
164398,301657
164429,69241
164438,306276
164468,97333
164482,18917
164487,48588
164494,137495
164874,175332
164910,173318
164931,40
165248,61037
165310,52533
165311,52923
165479,142
165560,3415
165678,165677
165680,2260
165680,142
165721,67589
165735,54995
165824,73093
165824,170109
165825,255201
165825,282005
165826,73093
165826,170111
165827,73093
165827,170112
165828,73093
165828,170113
165829,73093
165829,170114
165830,73093
165831,165826
165832,165826
165833,165826
165834,165826
165835,165826
165836,165826
165837,165825
165838,165826
165839,165826
165840,165826
165841,165826
165842,165826
165843,165826
165844,165826
165845,165826
165846,165826
165847,165826
165848,165824
165849,165826
165850,165826
165851,165826
165852,165826
165853,61142
165857,165827
165870,165828
165897,792
165943,61037
165957,18252
165957,7954
165972,40
165983,3415
165994,40
165994,122800
166010,40
166012,127968
166065,143038
166074,194029
166242,88748
166257,65090
166260,20639
166312,324467
166350,142
166362,73256
166381,320226
166460,73425
166496,40
166536,236428
166577,140360
166588,110199
166597,230980
166597,230847
166624,165824
166625,165825
166626,165826
166627,165827
166628,165828
166629,165829
166630,165830
166692,59268
166698,61019
166866,167430
166918,59268
166923,40
167020,10051
167021,10051
167136,40
167270,127968
167343,3958
167422,155051
167482,105661
167575,167586
167704,13979
167877,167878
167878,39966
168002,79559
168014,5
168036,3415
168048,230980
168281,3983
168386,6882
168386,3415
168565,40
168623,132047
168625,206735
169606,8507
169630,45
169651,166060
169964,228071
169965,228071
169966,228071
169967,228071
169969,94958
169986,14217
170930,238923
170931,84128
170933,196382
171001,57353
171089,240926
171140,74367
171378,262867
171387,166260
171462,52126
171503,10
171504,139270
171508,10051
171512,230980
171523,176100
171525,40
171575,109763
171577,40
171581,230980
171587,73869
171588,289035
171622,171626
171783,46666
171784,10051
171861,134816
171971,171972
171975,22840
171982,202307
172022,175224
172050,29907
172103,10051
172104,10051
172170,90368
172190,40
172191,40
172367,40
172407,40
172511,32908
173059,40
173064,40
173072,40
173073,230980
173135,40
173318,236840
173433,255875
173455,244049
173513,173510
173517,122800
173522,105321
173530,131136
173531,131136
173536,265667
173537,151566
173557,75423
173557,10
173661,47946
173673,94707
173692,52954
173740,206735
173741,177228
173742,173740
173773,122918
173786,25675
173855,122918
173905,230980
173919,8507
173950,79728
174008,160656
174032,7318
174275,287841
174318,166
174325,61037
174373,7318
174373,7918
174374,206735
174374,230980
174446,206735
174574,65363
174783,86905
174799,72491
174803,38759
174804,38759
174850,61037
174868,2487
174883,22356
174889,8683
174939,5
174956,72000
175006,144065
175028,10051
175029,10051
175030,10051
175044,100810
175074,7917
175216,40
175221,40
175222,40
175223,40
175224,40
175225,40
175228,65090
175229,65090
175247,40
175247,40
175247,130665
175248,40
175248,40
175248,130665
175250,78782
175251,18252
175254,24916
175332,224195
175332,80565
175337,277543
175346,54519
175462,5
175485,27626
175540,40
175567,10051
175605,127421
175608,8683
175656,172481
175659,93833
175661,175660
175747,168565
175753,118538
175787,123123
175851,166260
175856,175851
175921,130483
176003,40
176029,144494
176032,40
176032,4739
176044,40
176095,10
176100,230980
176203,109128
176246,230847
176281,1906
176393,230980
176580,93
176581,185549
176582,48762
176583,48763
176593,142
176597,40
176597,127421
176628,160656
176900,128018
177018,8507
177023,62173
177102,198265
177227,141540
177228,141540
177229,141540
177452,2055
177863,40
178058,7318
178058,88748
178129,101803
178146,106006
178225,206915
178226,55945
178305,160384
178370,178242
178395,7318
178398,40
178523,1629
178536,8683
178719,3464
178759,94033
178759,157999
178778,1444
178935,255463
178936,94125
178970,213859
179111,65220
179180,66628
179262,40
179276,65333
179278,10051
179527,235796
179528,235796
179545,40
179546,40
179802,72205
179893,172407
179896,18252
179942,5
179976,15910
180064,142
180142,108306
180363,40
180363,211
180444,10
180613,6530
180633,10
180662,25682
180662,120718
180663,25676
180663,120718
180665,99921
180668,27053
180724,56927
181150,40
181151,40
181176,4738
181183,62069
181208,52970
181301,33505
181306,77937
181346,142342
181432,59036
181432,8836
181434,8683
181435,8683
181532,5251
181543,206735
181569,10051
181655,220946
181658,59020
181709,173135
181716,62724
181763,61037
181829,61037
181923,18252
181972,5
182084,89196
182097,23434
182105,215020
182105,170204
182143,113224
182174,40
182191,38723
182193,38725
182200,40
182321,25669
182432,145608
182480,33940
182535,40
182535,7895
182576,66628
182582,169611
182760,186515
182761,60144
182770,195176
182772,245222
182772,10051
182777,188082
182986,40
183060,147562
183061,147562
183063,5
183094,336551
183094,5
183138,194920
183345,288429
183980,183979
183981,183979
183982,183979
183983,183979
183985,183979
184007,81840
184045,184044
184046,184044
184047,184044
184052,183979
184104,184114
184110,184108
184116,184114
184387,88580
184389,5
184428,184427
184486,184518
184487,184519
184518,184516
184519,184518
184521,184525
184528,184530
184581,257175
184582,189662
184585,330063
184593,40
184621,93001
184625,184737
184656,7067
184657,7064
184658,157374
184659,288713
184726,166250
184733,184487
184734,189662
184735,7064
184737,63957
184745,279607
184809,198083
184901,26273
184969,22844
184976,22843
185018,25669
185322,40
185375,50406
185387,788
185541,135061
185542,155013
185546,93
185593,77121
185597,3059
185599,185597
185670,10
185705,10051
185706,10051
185708,5
185712,10051
185714,185708
185714,5
185828,7040
186145,48766
186148,186147
186149,100196
186150,93
186151,48766
186153,186157
186154,172472
186155,48766
186157,48766
186227,186515
186291,115067
186291,196
186342,1954
186438,131372
186541,225215
186542,278814
186749,16035
186749,10
186776,191106
187263,10
187274,104721
187320,121381
187328,195128
187577,163801
187581,187577
187689,187690
187690,85060
187741,142
187816,59893
187818,59893
187949,284620
187950,188014
187952,339765
187967,87056
187973,286905
188009,242082
188012,285679
188014,83368
188014,163758
188016,339765
188018,187949
188026,188434
188045,189380
188064,142
188087,76538
188187,22839
188189,188014
188191,22839
188218,188262
188257,188189
188290,188026
188433,120614
188473,187949
188501,10901
188516,204644
188578,316569
188653,131723
188838,34858
188902,5
189145,6498
189154,27084
189155,27084
189315,93129
189378,134860
189381,91087
189382,241575
189393,10
189406,180122
189450,6253
189458,188302
189462,1950
189467,286666
189660,81603
189663,282162
189687,4641
189706,156595
189709,156595
189732,133407
189761,109794
189769,119581
189816,215879
189819,215879
189932,186515
189933,189663
189934,186515
189935,189663
190055,188089
190116,3415
190117,68720
190118,83346
190121,3415
190329,188302
190330,188299
190332,22838
190335,188043
190336,98021
190367,22840
190620,175332
190669,194028
190815,61571
190843,572
190944,99820
190994,157681
190998,203
191002,3961
191109,191110
191152,190843
191153,4082
191254,89242
191319,100071
191404,60145
191488,193494
191558,10051
191596,35599
191762,191760
192002,120614
192002,10054
192068,81714
192243,141752
192244,6490
192254,6490
192255,118658
192389,192953
192480,120588
192758,293411
192804,8937
192805,77864
192806,89068
192807,1590
192873,175395
192920,119996
192955,210728
192958,22086
192959,192968
192961,163250
192964,210677
192965,192754
192967,22086
192968,97135
192970,192969
192972,192971
192974,192973
192976,22131
192976,75349
192982,22308
193147,5251
193330,1222
193432,5
193433,203
193453,10
193453,1227
193461,86969
193553,203
193583,5
193596,206735
193641,232059
193643,322573
193662,72265
193773,5
193912,136252
194114,171982
194116,171983
194117,180122
194146,198083
194150,1962
194152,198082
194223,130484
194224,130484
194237,188014
194702,167194
194881,195459
194920,195128
194986,171974
195051,5
195052,5
195053,195052
195072,182777
195120,276865
195120,5
195121,282162
195122,195170
195167,195122
195170,282162
195171,282162
195172,189663
195173,188187
195175,189663
195177,182770
195178,74840
195179,74840
195198,145377
195309,1318
195459,10
195499,120892
195540,79496
195549,167808
196226,140777
196227,209978
196700,301657
196787,141523
197424,120718
197638,173135
197905,197605
197905,215862
197911,286045
198272,198395
198447,6131
198474,26597
199011,206735
199238,178493
199398,186422
199474,274428
199536,188435
199706,1860
199853,106803
199968,7978
200058,63087
200213,5
200244,40
200244,36579
200246,40
200246,324467
200261,200263
200263,40
200263,196564
200676,49086
200748,142
200752,98182
200810,5
200810,47431
200815,5
200905,10
201553,71816
202094,307182
202194,37966
202238,10
202254,212983
202750,206735
202752,51925
202964,153976
203536,232508
203623,64989
203967,5
203967,10051
203994,143182
204093,228071
204094,228071
204095,228071
204133,204125
204133,918
204221,204542
204257,294317
204259,131421
204292,5
204330,79644
204423,131421
204425,204257
204427,204257
204441,142
204443,204255
204445,204255
204447,204255
204455,7947
204696,208900
204896,204897
204897,10051
205565,62756
205565,89143
206258,10
206297,210000
206350,10
206492,213040
206687,162770
206913,178225
206915,55945
206916,206915
207025,167385
207069,38718
207168,117066
207436,71679
207656,98586
207673,195170
207846,163271
208104,226271
208251,161654
208355,128634
208558,228661
208599,83669
209189,57237
209291,336040
209492,25675
209615,85062
209978,10
209979,209978
209981,272718
209982,171503
209983,210000
210000,10
210241,22559
210245,247973
210469,33271
210535,4739
210628,126120
210729,210675
210826,5
210983,162630
210984,210983
211261,5
211263,5
211266,92405
211270,5
211275,183063
211275,168328
211386,3472
211388,16805
211388,82139
211431,31876
211525,184044
211541,35340
212159,48974
212181,5
212291,166
212356,5
212573,212578
212574,212570
212595,175851
212598,48764
212681,212683
212682,212684
212747,142
212753,10013
212797,1108
212823,121907
212894,142
212977,181900
213046,14217
213163,1871
213164,212337
213248,126646
213395,211438
213489,27379
213497,63197
213544,10
213575,257448
213633,7978
213634,213633
213714,213724
213723,213724
213724,46699
213758,213764
213902,48974
214055,90370
214061,90368
214062,90368
214078,142
214142,63376
214211,83368
214283,6481
214304,122
214429,280014
214682,36582
214736,60685
214955,126120
214982,127546
214997,52543
215004,192760
215005,192747
215006,74331
215020,213724
215191,213834
215230,101097
215448,147704
215465,5592
215480,34444
215486,10
215531,53186
215630,144216
215773,256859
215848,40
216134,82981
216178,47347
216195,80776
216223,45
216223,68527
216244,74367
216326,40
216326,5
216430,64990
216453,10
216475,10
216606,21319
216778,257953
216779,166
216913,7947
216938,339358
217038,112526
217096,98736
217400,142
217893,216876
217894,216876
217975,84068
218034,46717
218073,128014
218075,1223
218075,51
218394,37453
218439,1609
218735,97132
218828,25682
218828,25669
218836,164394
218986,122558
218991,15451
218992,15451
219029,10554
219391,219721
219428,10
219463,206735
219636,137709
219641,7895
219642,219641
219646,219642
219647,219646
219650,219651
219651,34968
219652,219651
219656,219652
219657,219652
219680,55417
219788,77998
219839,176095
220029,100542
220073,4737
220096,117818
220101,71724
220280,25691
220436,127546
220464,25676
220464,25675
220465,25676
220492,230980
220494,160742
220495,151566
220506,230980
220511,1593
220655,12245
220656,12245
220696,142
220739,80097
221150,195121
221440,27084
221652,196700
221829,60801
221969,70602
221969,107393
221969,194882
222312,1222
222822,5
222834,183356
222939,87440
222963,74367
223181,82761
223181,47452
223451,75423
223451,5
223454,75423
223454,5
223578,223577
223719,223718
224195,25676
224380,89633
224525,5
224534,40
224613,203
224701,89633
224710,10051
224911,70320
225008,331434
225009,240440
225081,166242
225530,10
225531,10
225605,27084
226008,225975
226122,226023
226136,226275
226177,5
226177,8683
226198,142
226275,170934
226308,166578
226405,48625
226866,227161
226982,33271
227047,173495
227148,219651
227149,219651
227241,74400
227252,27928
227471,40
227471,195031
227471,275019
227625,10051
227653,77849
227944,53575
227991,40
228071,138342
228078,8466
228361,134816
228403,132788
228409,8683
228423,302048
228483,8683
228609,73
228729,214080
228791,109114
228797,77921
228873,166536
228936,100052
228958,142
229109,1221
229253,5
229341,3415
229341,5
229470,128138
229587,268622
229665,229472
229764,317189
229786,40
229787,40
229949,5
230038,25676
230075,118825
230099,7954
230135,294317
230298,10062
230402,267027
230405,230404
230585,289652
230774,5
230846,40
230847,40
230849,40
230850,40
231057,99463
231149,231151
231233,75362
231233,6530
231503,53735
231504,53735
231505,53735
231601,142
231665,53737
231666,53737
231667,53737
231670,53824
231671,53824
231673,53827
231674,53827
231675,53827
231677,53828
231678,53828
231679,53828
231681,53829
231685,53830
231721,10
231722,10
231821,8683
231864,3415
231946,3415
232015,91000
232059,52910
232089,25675
232091,216607
232095,34968
232096,55881
232172,3415
232172,3415
232230,193641
232289,232059
232508,301657
232510,20704
232580,8466
232746,142
232747,232746
232748,232746
232749,232748
232985,142
233099,92165
233099,270567
233099,4
233247,930
233286,230405
233543,142
233774,193494
233775,233774
234011,7413
234016,80468
234017,234016
234042,130810
234306,5
234431,36585
234914,287275
234933,232580
235204,87058
235337,99188
235643,163606
235699,267317
235711,3415
235796,33880
235799,235796
236182,30516
236209,40
236284,5
236326,142
236632,137319
236965,40
237109,134393
237450,142
237587,4736
237588,33880
237589,172407
237997,48589
238236,5251
238259,237886
238328,238340
238420,59929
238497,47253
238497,22347
238533,10
238604,8811
238720,142
238737,308050
238845,274576
239050,244049
239052,203
239053,203
239091,238845
239094,250212
239186,239195
239287,143182
239442,10
239443,10
239619,40
239619,53735
239636,40
239690,40
239690,53737
239691,40
239691,53824
239692,40
239692,53827
239693,40
239693,53828
239694,40
239694,53829
239695,40
239695,53830
239885,40
239904,255070
239907,329320
239968,62298
240068,40
240388,2487
240877,10
240924,84968
240988,89279
240988,196305
241404,142
241566,60715
241893,321579
241894,262473
241946,38124
242082,96270
242089,130291
242090,130291
242096,294013
242119,40
242120,40
242121,40
242122,40
242123,40
242124,40
242125,40
242126,40
242127,40
242206,27934
242312,7318
242342,7978
242426,142
242563,111926
242725,77235
242736,40
242736,10051
242849,28326
243036,267610
243099,183409
243111,40
243111,4736
243129,36450
243291,61395
243305,10
243306,10
243307,10
243307,79
243383,98182
243501,3961
243502,64989
243757,27868
243757,153793
243759,7318
243887,74367
243980,271342
244042,167877
244050,24916
244063,83399
244310,32
244576,40
244576,244049
244578,40
244578,244048
244583,40
244583,271342
244735,40
244735,70302
244738,40
244796,40
244796,5
244988,61395
244989,61395
244992,61395
245034,103729
245071,40
245093,25691
245093,203
245135,212578
245187,171900
245187,130508
245195,14081
245207,87057
245225,121384
245380,185505
245447,3961
245497,10
245579,54844
245685,40
245738,127968
245838,3415
245839,3415
245933,276862
245977,114986
246010,40
246016,285974
246017,246016
246105,246104
246140,276862
246260,3961
246262,246264
246264,246260
246294,22853
246295,22853
246296,22853
246297,22853
246298,22853
246299,22853
246300,22853
246301,22853
246302,22853
246304,22853
246305,22853
246306,22853
246331,130665
246347,78113
246388,4082
246393,4082
246394,257984
246416,212831
246425,173732
246447,10051
246472,28400
246474,232059
246960,5811
247159,40
247380,40
247485,129070
247485,196
247971,22853
247972,319371
248098,8937
248170,40
248170,194
248184,248233
248198,114378
248423,4086
248515,171974
248516,52126
249031,298468
249031,168458
249036,88720
249037,249036
249037,144478
249038,249036
249115,60144
249140,72668
249140,3958
249222,163141
249572,328333
249693,74306
249734,3961
249735,3961
249746,3961
249824,253885
249824,3961
249827,253885
249827,3961
249845,79547
249992,91001
249999,5173
250069,6530
250212,541
250427,307182
250576,6054
251260,253186
251421,113979
251635,136157
251758,46667
251780,64303
252233,8683
252488,46699
252735,159081
252736,117818
252748,336853
253122,52957
253203,256244
253445,20338
253636,542
253654,145608
253655,40
253655,218130
253712,123094
253769,40
253769,6218
253885,3961
253887,38502
253893,243502
253894,243502
254044,64216
254044,324467
254049,3961
254142,56003
254378,93505
254469,101102
254594,1400
254609,177228
254626,5592
254640,101093
254641,239094
254642,253636
254647,254642
254655,161560
254710,1075
254869,254469
254962,5592
255072,236840
255108,574
255201,86436
255221,255225
255645,71055
255817,122247
255887,40
255887,244413
255977,183136
255978,157726
256243,253203
256436,127321
256532,4125
256533,24916
256534,236305
256539,25770
256562,294936
256700,25676
256737,94204
256759,25676
256817,223764
256859,101357
256885,10051
256910,25682
256967,72649
256970,20639
257022,25685
257200,257199
257418,183979
257445,255225
257531,15910
257932,193147
257934,27084
257984,246388
258186,142
258197,206735
258197,3415
258290,3415
258376,286751
258434,10
258644,3415
258645,3415
258646,3415
258647,3415
258648,3415
258649,3415
258650,3415
258774,88580
258833,194990
258834,248185
258835,97723
258974,203
259181,164938
259184,203
259215,101353
259243,162740
259308,203
259546,22365
259547,22365
259599,260446
259626,259625
259651,115067
259651,1221
259652,115067
259652,1222
259748,290312
259967,109377
260190,117441
260192,117441
260236,22559
260446,90739
260446,10051
260483,329993
261179,40
261179,2487
261366,267582
261453,88882
261695,236305
261779,142
261872,10
261971,40
262247,40
262247,2492
262248,40
262616,130321
262683,36459
262684,36459
262685,36459
262735,142474
262804,8683
262867,142242
262869,107079
262882,37834
263086,5
263135,67628
263483,40
263846,40
263846,48766
263944,30221
264018,97083
264359,232935
264386,30102
264724,10
264981,8833
265029,264619
265127,40
265359,216607
265384,256257
265409,232091
265410,83479
265527,206913
265743,215020
265802,69921
266155,266253
266249,266251
266250,266251
266251,266252
266282,166866
266326,316355
266377,339265
266380,266220
266447,266449
266448,266449
266449,266251
266450,266251
266532,267610
266535,236305
266666,137735
266755,1400
266984,176963
267133,78020
267133,5
267144,330410
267217,129070
267314,77140
267368,71050
267369,142242
267445,142242
267446,142242
267447,71050
267448,71050
267533,53186
267551,32
267551,4086
267573,40
267582,262867
267583,262867
267638,52955
267668,52955
267729,29907
267730,29907
267860,317203
267896,74367
267906,106514
267991,27306
268185,40
268228,4159
268233,268234
268234,131067
268272,72894
268273,72894
268295,206735
268306,301657
268354,82135
268383,268411
268398,85731
268524,267584
268524,83094
268527,309074
268631,18804
268726,115384
268727,115384
268905,268622
268989,208354
269027,72894
269130,228071
269221,142
269223,53735
269223,142
269224,53737
269224,142
269241,268643
269243,269247
269247,316868
269862,108228
269909,269913
270003,10051
270683,270681
270775,6093
270788,242082
270797,94360
270826,3623
270826,72649
271187,7318
271216,142
271379,36138
271388,24551
271511,40
271512,40
271663,132117
271827,164394
271870,5995
272027,244049
272171,25676
272171,5
272172,25676
272172,203
272398,47229
272470,40
272476,10051
272532,188302
272549,133256
272775,261391
272900,220073
272928,160410
273129,195121
273311,273309
273417,273406
273419,273406
273526,246604
273711,34444
273711,40
273801,86801
273847,273850
273849,273850
274099,1400
274104,36256
274110,5251
274428,307136
274430,216607
274502,52254
274535,244049
274536,203
274601,132171
274698,40
275229,208044
275367,1227
275464,38802
275505,110526
275799,159914
275906,285184
275989,40
275989,40
275995,130188
276000,175856
276032,1453
276293,73357
276376,80086
276385,158919
276561,48974
276561,53645
276647,276677
276678,115067
276678,5
276679,5
276680,5
276853,22843
276854,26351
276856,22840
276859,572
276861,4082
276863,22839
276866,22839
277169,5
277178,100071
277216,203
277216,7954
277236,183682
277237,277236
277561,69010
277644,198083
277645,22840
277708,7913
277708,20639
277808,277822
277822,102391
277992,40
278049,10
278078,6
278290,275015
278545,278597
278603,65358
278617,720
278818,80883
278933,5
279100,62724
279101,133654
279231,307395
279340,79559
279415,79813
279482,40
279482,211
279607,276853
279620,4641
279635,84623
279735,238846
279890,192953
280022,282211
280076,40
280097,98098
280098,98098
280514,246104
280577,10
280710,226177
280737,216195
280818,117818
281006,294016
281166,282153
281362,192747
281680,90368
281815,17485
281815,133081
282005,92809
282029,230980
282097,146076
282154,146076
282211,282154
282329,5521
282462,10051
282464,169630
282498,40
282498,22853
282600,10
282671,65090
282718,232508
282720,2487
283078,74400
283118,319528
283122,2659
283123,74400
283316,160383
283483,191107
283683,25676
283733,26351
283794,87172
283834,27084
283968,60144
283969,183136
284013,2487
284016,132788
284237,283709
284620,339765
284722,284721
285052,34444
285109,20639
285184,193641
285203,142
285406,74148
285406,92054
285684,195129
285685,194964
285716,86436
285779,102394
285879,8683
285881,8683
285881,7
285900,54844
285949,151904
285982,10051
286002,5
286298,14695
286357,82903
286387,2487
286529,5
286529,5
286582,45965
286582,305716
286583,48673
286584,3961
286585,48673
286585,53735
286665,276862
286679,74367
286686,171588
286687,171588
286687,7
286688,194920
286727,93505
286746,186515
286750,137709
286751,60144
286752,287775
286753,90908
286754,85002
286805,3152
286806,276864
286806,5
286904,22804
286907,171588
286924,195128
286925,194920
286988,195128
286989,187338
286994,182770
287015,32
287015,99820
287275,33505
287453,287452
287454,287452
287533,45
287578,287577
287579,287578
287658,14675
287659,276868
287664,201
287675,137709
287676,60144
287723,137709
287724,188433
287727,195121
287733,69497
287742,94026
287746,69497
287770,195121
287775,189662
287802,287659
287803,14675
287807,162273
287807,81253
287841,143731
287922,40
287925,40
288213,1954
288465,8937
288599,232508
288601,219641
288602,87172
288625,219641
288707,189663
288708,83368
288711,189663
288712,14677
288730,308188
288827,288828
288828,122746
288930,219641
288997,289035
289001,289035
289034,189479
289035,194920
289615,289653
289617,1222
289653,289652
289748,254377
289764,135098
289764,25768
289764,63128
290140,284122
290256,290255
290268,131738
290452,268234
290908,99488
290959,5
291000,103685
291012,53581
291015,287381
291142,291024
291289,134816
291317,7495
291385,73388
291632,47974
291783,32358
291839,1690
291900,280098
291916,10049
292077,85062
292251,48673
292273,8683
292273,277
292286,5
292286,296065
292301,330033
292350,218130
292360,215602
292465,120718
292611,189151
292639,4959
292779,8683
292936,69268
293014,173434
293167,36450
293400,293401
293401,4956
293402,7067
293403,293404
293404,4957
293405,293402
293408,7067
293411,32
293412,22843
293413,121384
293414,22852
293631,131326
293632,187107
293633,111721
293640,1588
293643,22086
293644,22086
293672,22087
293673,22087
293688,73869
293727,8795
293821,159693
293838,164349
293958,125256
294013,10051
294015,62967
294016,244049
294017,244049
294062,8683
294234,57627
294246,8683
294262,49651
294614,295012
294628,62967
294629,244049
294630,294629
294790,14140
294934,294936
294935,33880
294936,48050
294937,294935
295012,98098
295220,5
295302,62402
295308,62401
295309,62401
295388,33931
295405,10051
295515,2487
295660,10
295660,324467
295664,5
295680,259626
295687,92263
295689,5
295689,190995
295889,7302
295890,7302
296020,10051
296021,10051
296028,10051
296058,6254
296079,10
296079,105661
296212,203
296212,10051
296579,47486
296579,47470
296779,296819
297086,9195
297351,129070
297351,196
297469,328981
297616,76225
298008,99801
298016,298019
298043,53645
298252,40
298375,230584
298468,26491
298861,40
298861,230980
298863,40
298863,230980
298866,40
298866,230980
299090,188
299143,195508
299280,299279
299284,299283
299286,299285
299692,224880
299763,40
299766,6530
300222,244042
300270,76479
300850,2738
301672,301673
301676,301677
301684,301685
301707,34387
301720,298790
301721,298790
301774,301775
301775,27000
301792,166863
301809,33192
301848,38189
301960,208086
301977,126606
302048,5
302298,195027
302562,92181
302707,5
302758,23855
303279,22559
303281,73093
303781,5
304974,145544
305290,305291
305412,59727
305549,69039
305716,86436
305801,66246
305848,5379
305849,5379
305989,99820
305989,4086
305994,82410
306174,120533
306190,40
306192,40
306276,23435
306447,1609
306556,5823
306561,77447
306671,5
306683,120614
306683,10054
307202,296159
307272,296159
307294,288711
307421,5
307677,5251
307897,106006
307989,35250
308044,88631
308046,151800
308048,308052
308050,64722
308052,151800
308068,8731
308084,5
308090,10051
308123,59169
308187,79559
308188,79559
308375,2808
308375,7953
308473,53650
308474,10
308754,10051
308775,26810
308901,36583
309057,267584
309057,83094
309074,80100
309097,5
309215,309214
309231,56832
309255,60632
309307,34444
309332,73577
309332,193773
309507,1227
309678,189376
309714,174028
310367,312891
310375,151988
310413,315340
310419,188510
310441,312680
310454,312100
310461,163811
310493,311612
310501,312507
310523,312685
311458,313962
311612,39163
312606,313753
312682,142
312683,142
312684,142
312685,142
312948,313801
312950,313803
312975,313962
313099,314151
313127,330025
313152,315447
313201,313799
313232,265227
313276,313802
313416,316316
313540,315763
313565,9947
313572,315521
313575,316316
313580,314828
313745,313045
313779,310420
313835,315495
313860,314163
313872,311801
313908,315498
313913,314165
313928,312143
313929,312685
314025,310367
314026,315632
314032,313089
314051,313860
314057,314244
314096,191276
314099,321232
314127,314239
314157,313113
314164,313801
314165,313802
314167,313803
314205,312975
314239,314149
314240,314151
314254,313117
314707,170956
314827,315468
314827,180004
314890,314684
314893,314683
314941,77814
314954,315511
315034,314194
315061,312140
315183,313475
315186,310367
315204,315647
315208,310501
315274,91972
315337,212979
315361,298790
315411,315469
315423,281746
315427,313683
315461,163812
315518,315468
315518,180004
315540,314683
315629,312685
315630,312684
315631,312683
315642,313718
315668,253262
315676,315634
315700,315763
315731,315748
315732,315749
315733,315750
315762,315498
315768,313729
316316,316357
316342,316825
316626,46699
316672,214429
316825,60144
316826,115384
316828,76826
316828,194517
317137,40
317200,213
317203,108103
317336,89013
317542,316832
317952,62756
318755,5
318827,49559
318830,10
318930,189574
319085,5
319086,203
319087,10
319089,5
319210,10
319413,319412
319448,8683
319526,59036
319526,319528
319527,244049
319528,244049
319597,40
319603,160927
319710,67029
319861,7318
319998,10
320007,236677
320111,5
320431,70260
320577,321773
320895,5
320896,5
320897,5
320916,10060
320926,106035
320947,23610
321017,230980
321018,36234
321090,321100
321091,189706
321093,321091
321095,321093
321097,321093
321100,156595
321101,321100
321102,321101
321103,321102
321104,321100
321129,165202
321370,1961
321371,189378
321773,142
321789,206735
321789,142
321885,5
322015,119972
322016,82410
322039,84219
322307,293810
322573,52991
322582,3958
322745,243131
322756,319861
322940,106434
322980,9191
322981,95874
323075,60681
323076,60681
323158,5
323162,90368
323170,10
323223,51133
323239,8683
323305,86436
323305,10
323351,5
323641,323642
323642,161411
323649,161411
323703,40
323704,40
323741,56927
323921,234957
324053,62173
324128,45925
324129,45925
324161,98736
324293,203
324293,2487
324294,88580
324294,126606
324487,99926
324580,276086
324600,166257
324772,104521
324908,338117
324913,10
324914,5
324915,326122
325104,80100
325299,244049
325402,30101
325473,192804
325488,8672
325656,173722
325689,142
325691,81753
325964,9194
326055,336642
326118,338329
326122,244049
326123,294015
326124,39653
326128,7913
326186,57521
326194,9194
326195,9195
326354,10
326398,142342
326398,10051
326690,326691
326691,3415
326790,10
326987,327326
327136,246388
327139,246388
327142,97508
327247,25548
327253,118175
327310,188039
327326,248517
327329,271342
327493,327492
327493,277989
327570,10
327721,90370
327859,3415
327859,276086
327860,276086
327860,3415
327866,3415
327866,10052
327998,56040
328012,59010
328082,212012
328082,22351
328308,258649
328309,258649
328332,94626
328366,224880
328882,329562
328886,39685
328915,75423
328915,3961
328982,29883
329018,5610
329277,275314
329562,142
329687,126120
329696,126120
329753,188475
329774,142
330034,302203
330035,302203
330066,109237
330171,187393
330172,187394
330175,189378
330177,247971
330185,189934
330320,5
330320,5
330321,5
330321,5
330410,40
330571,5
330866,65608
331134,10051
331176,109395
331390,248851
331417,182986
331418,182986
331764,40
332264,334136
332442,185914
332459,88580
332602,161205
332687,293810
332789,7069
332937,19445
333167,338117
333169,10
333173,319528
333297,10
333415,99821
333415,4086
333535,6530
333813,117855
333813,35327
333996,10051
334042,35327
334070,10
334136,203
334210,40
334210,203
334293,931
334576,20986
334657,8683
334659,8683
334660,8683
334703,79904
334762,5
335567,5
335749,189741
335821,92283
335841,54844
335841,5
335860,60681
335979,61486
336040,90387
336409,100821
336477,53575
336551,7947
336642,8833
336835,155085
336842,48673
336850,253885
336850,9194
336853,3961
336924,203
336924,20639
336937,82903
337110,57918
337174,5
337175,5
337194,203
337273,5
337281,73
337282,73
337283,85697
337284,203536
337286,337281
337328,34444
337333,54844
337336,3961
337392,98646
337509,338117
337524,5
337566,5
337623,337624
337631,36826
337640,5819
337821,285097
337895,227161
337896,117665
337937,10
337985,61462
338020,22844
338062,47451
338086,208665
338101,78701
338101,230980
338117,5
338200,325691
338230,339032
338281,89196
338363,105661
338506,5
338852,47320
338857,319795
338896,128139
338996,245301
339051,276868
339052,14675
339217,320226
339240,114121
339332,20906
339597,129760
339748,234959
339765,286751
339824,339052
339825,276868
339905,253885
339905,3958
339964,203
339967,203
340068,1316
340068,10051
340081,3958
340184,54055
340227,34444
340227,40
340228,170060
340257,55580
340363,293810
340369,86436
340371,54844
340375,1316
340395,33113
340461,62402
340495,141291
340498,86893
340507,307136
340520,75349
340528,92534
340761,38714
340849,97073
341104,105693
341250,189743
341345,3961
341346,249735
341346,211481
341346,37716
341356,276153
341514,276084
341522,86799
341543,1108
341590,58482
341625,3415
341703,101357
341735,27865
341994,3415
341994,87049
341995,3415
341995,5
341999,258649
342089,134860
342131,124072
342138,83920
342235,236257
342279,184516
342280,189380
342281,189380
342352,2662
342362,3451
342379,2663
342380,2664
342397,274830
